Sr. no.,Message_ID,Customer_Name,Phone_Number,Date,Complaint_Text,Category
1,68113400,Hunter Townsend,474.112.4903x521,30-04-2025,I was charged more than what was mentioned.,Overcharged
2,837217,Edwin Wilkins,(067)883-1712,30-04-2025,Got it after the expected date,Late Delivery
3,c7ecfe71,Mrs. Samantha Watson,+1-199-410-1372x1510,30-04-2025,Your delivery boy was very rude.,Rude Staff
4,92ea1324,Nathaniel Crawford,(625)324-4720x9993,30-04-2025,I�ve been texting for help and no one responds.,No Response
5,e1fdc6d1,Amy Ramirez,(638)380-6578,30-04-2025,I placed the order 2 days ago and it's still not here!,Late Delivery
6,809cd839,Devin Johnson,+1-304-078-5932x133,30-04-2025,I received the wrong product. Please check your dispatch.,Wrong Item
7,ead18464,Pamela Gould,001-652-239-5590,30-04-2025,The item arrived broken. This is unacceptable!,Damaged Product
8,2460d0d2,Chelsea Travis,842.701.0393x0870,30-04-2025,Got it after the expected date,Late Delivery
9,ce7334f2,Mitchell Sellers,002-921-8515x69154,30-04-2025,The item arrived broken. This is unacceptable!,Damaged Product
10,bb7b6c05,Rebecca Yu,+1-528-953-9264x4220,30-04-2025,The product arrived broken and unusable,Damaged Product
11,c55523ed,Amanda Guzman,+1-391-725-1355x215,30-04-2025,I�ve been texting for help and no one responds.,No Response
12,3fe1e8f3,Hayley Buchanan,001-006-762-6765x8617,30-04-2025,Your delivery boy was very rude.,Rude Staff
13,39bfca38,Benjamin Singleton,054-115-2621x8159,30-04-2025,I was charged more than what was mentioned.,Overcharged
14,07ef2ba8,Matthew Lawson,(201)533-6884x44310,30-04-2025,Got it after the expected date,Late Delivery
15,7daec949,Isaac Patterson,973-103-2417x1467,30-04-2025,I�ve been texting for help and no one responds.,No Response
16,1754bf08,Jasmine Watson,(527)047-7434x9021,30-04-2025,Your delivery boy was very rude.,Rude Staff
17,8a9c66f7,Peter Perez,6868793741,30-04-2025,The item arrived broken. This is unacceptable!,Damaged Product
18,08e3f771,Stephanie Mcbride,+1-921-722-3320x61632,30-04-2025,Your delivery boy was very rude.,Rude Staff
19,ba236c22,Andrea Hughes,(854)870-9986x1622,30-04-2025,Got it after the expected date,Late Delivery
20,f6ff3521,Tammy Hart,485-646-7997,30-04-2025,I placed the order 2 days ago and it's still not here!,Late Delivery
21,24d38751,Melanie Morales,(530)745-0544x4713,30-04-2025,I was charged more than what was mentioned.,Overcharged
22,716fb276,Erica Daniel,+1-137-367-8508x214,30-04-2025,Your delivery boy was very rude.,Rude Staff
23,d9ee7dc9,Laura Thompson,030.705.3457,30-04-2025,The product arrived broken and unusable,Damaged Product
24,1fb621ae,Dana Burns,279.855.2414x060,30-04-2025,I placed the order two days ago and it's still not here!,Late Delivery
25,f704d72f,Daniel Perez,468.007.2290,30-04-2025,I placed the order two days ago and it's still not here!,Late Delivery
26,f168c605,Walter Day,(657)437-4896x91085,30-04-2025,I�ve been texting for help and no one responds.,No Response
27,485d831c,Brian Brown,544-432-8309x652,30-04-2025,The item arrived broken. This is unacceptable!,Damaged Product
28,4bacbedf,Jason Price,9935387584,30-04-2025,I placed the order two days ago and it's still not here!,Late Delivery
29,8ee9581a,Brent Anderson,825-135-3465x549,30-04-2025,I received the wrong product. Please check your dispatch.,Wrong Item
30,787515b9,Mark Carpenter,+1-173-816-8460x223,30-04-2025,I was charged more than what was mentioned.,Overcharged
31,e4917f7d,Judith Stewart,001-217-525-0074x329,30-04-2025,I was charged more than what was mentioned.,Overcharged
32,c79ddb62,Lucas Schultz,(676)008-3505x8300,30-04-2025,I was charged more than what was mentioned.,Overcharged
33,b18ad67d,Emily Garcia,942.104.4789x85625,30-04-2025,I�ve been texting for help and no one responds.,No Response
34,2a35ce30,Tamara Powell,323.098.2150,30-04-2025,I received the wrong product. Please check your dispatch.,Wrong Item
35,c5709e30,Amber Vang,+1-100-167-6184x72304,30-04-2025,I placed the order two days ago and it's still not here!,Late Delivery
36,8532fc74,Larry Taylor,891-411-7393,30-04-2025,Your delivery boy was very rude.,Rude Staff
37,33a0daa7,Jason Martin,-1385,30-04-2025,I received the wrong product. Please check your dispatch.,Wrong Item
38,c78f07cf,Misty Garcia,374-470-1204x556,30-04-2025,I�ve been texting for help and no one responds.,No Response
39,e3ea2d7f,Samuel Alvarado,(557)941-5521,30-04-2025,I�ve been texting for help and no one responds.,No Response
40,4596da75,Melissa Mendoza,(212)021-6979x72965,30-04-2025,The item arrived broken. This is unacceptable!,Damaged Product
41,e1446b45,Valerie Anderson,167.014.5089x9358,30-04-2025,The product arrived broken and unusable,Damaged Product
42,1861c9f3,Nicholas Olson,+1-628-900-2877x21753,30-04-2025,I was charged more than what was mentioned.,Overcharged
43,81c61eeb,Mason Powell,177.971.7751,30-04-2025,I�ve been texting for help and no one responds.,No Response
44,1a46d536,Andrew Dunn,994-883-7550,30-04-2025,The product arrived broken and unusable,Damaged Product
45,8f660bbd,Lindsay Moran,(711)305-5488x510,30-04-2025,The item arrived broken. This is unacceptable!,Damaged Product
46,b783e1d5,Jennifer King,316.373.5160,30-04-2025,Your delivery boy was very rude.,Rude Staff
47,1f8b4af1,Joanna Barrett,270.808.6978x29221,30-04-2025,I was charged more than what was mentioned.,Overcharged
48,e1f85b33,Stanley Barnes,+1-346-547-2269x848,30-04-2025,Your delivery boy was very rude.,Rude Staff
49,8db78572,Christina Weber,522-885-1587x9968,30-04-2025,I�ve been texting for help and no one responds.,No Response
50,ceed0ffc,Brian James,342442043,30-04-2025,I placed the order two days ago and it's still not here!,Late Delivery
51,73dd3bc6,Sean Stevenson,863.840.6665,30-04-2025,I was charged more than what was mentioned.,Overcharged
52,4057e470,Sean Dalton,359.893.3472x122,30-04-2025,I received the wrong product. Please check your dispatch.,Wrong Item
53,6db2b020,Dennis Martin,057-202-5909x479,30-04-2025,The item arrived broken. This is unacceptable!,Damaged Product
54,b52a9e6b,Daniel White,826-886-1533,30-04-2025,Your delivery boy was very rude.,Rude Staff
55,37ec07a6,Lisa Wells,-10058,30-04-2025,I placed the order two days ago and it's still not here!,Late Delivery
56,1d06149e,Joshua Campbell,588.770.4358x11288,30-04-2025,I placed the order two days ago and it's still not here!,Late Delivery
57,ab9b153d,Christy Jennings,386-120-7501,30-04-2025,I received the wrong product. Please check your dispatch.,Wrong Item
58,407d0aff,Laura Perez,667-665-0618x091,30-04-2025,The item arrived broken. This is unacceptable!,Damaged Product
59,129538df,Jonathan Roberts,+1-491-476-6072x83268,30-04-2025,I�ve been texting for help and no one responds.,No Response
60,4c4d6e40,Suzanne Norton,001-508-821-0099x6881,30-04-2025,Your delivery boy was very rude.,Rude Staff
61,e74ed0b3,Christine Whitehead,222.394.3129x08781,30-04-2025,Your delivery boy was very rude.,Rude Staff
62,1923cafc,Kevin Lynn,(231)491-3577x594,30-04-2025,The item arrived broken. This is unacceptable!,Damaged Product
63,5d4f7107,Tina Jackson,336-452-5777x54781,30-04-2025,Your delivery boy was very rude.,Rude Staff
64,d77fbeeb,Ronald Vance,411.080.9969,30-04-2025,I�ve been texting for help and no one responds.,No Response
65,42b7c048,Yvonne Kennedy,001-256-394-2788x16580,30-04-2025,I received the wrong product. Please check your dispatch.,Wrong Item
66,fb5abb36,Carol Palmer,229.927.5037x314,30-04-2025,I received the wrong product. Please check your dispatch.,Wrong Item
67,34ef2552,Rebecca Hughes,005.184.4989x266,30-04-2025,I placed the order two days ago and it's still not here!,Late Delivery
68,d5e14d1f,David Kaufman,865.577.9082,30-04-2025,I placed the order two days ago and it's still not here!,Late Delivery
69,83b8fa05,Christine Lopez,(913)651-7773x926,30-04-2025,I placed the order two days ago and it's still not here!,Late Delivery
70,92d00319,Brandy Hunt,001-202-428-6990,30-04-2025,I received the wrong product. Please check your dispatch.,Wrong Item
71,72fefdc2,Kaitlin Olson,692.929.8425,30-04-2025,I�ve been texting for help and no one responds.,No Response
72,3ad51382,Carlos Smith,862.912.7990x88117,30-04-2025,I received the wrong product. Please check your dispatch.,Wrong Item
73,d3d877a8,Todd Gregory,(865)086-3765x99162,30-04-2025,I received the wrong product. Please check your dispatch.,Wrong Item
74,e8fb5a96,Diane Mcdowell,(430)098-1806x35651,30-04-2025,I placed the order two days ago and it's still not here!,Late Delivery
75,40ee131d,Joshua Cunningham,+1-463-688-7258x874,30-04-2025,The item arrived broken. This is unacceptable!,Damaged Product
76,b49b4b72,Charles Shields,372-138-6589,30-04-2025,I placed the order two days ago and it's still not here!,Late Delivery
77,a2c8cf62,Brandon Thomas,+1-611-435-1906x698,30-04-2025,The item arrived broken. This is unacceptable!,Damaged Product
78,0eb5e5a7,Samantha Bowman,038.430.9883x920,30-04-2025,I�ve been texting for help and no one responds.,No Response
79,f9c3ee05,Zachary Chan,(669)380-1184x895,30-04-2025,I�ve been texting for help and no one responds.,No Response
80,39ee80ab,Cheyenne Spears,001-042-681-8184,30-04-2025,I was charged more than what was mentioned.,Overcharged
81,8366c189,Sherri Li,001-476-973-5779,30-04-2025,The product arrived broken and unusable,Damaged Product
82,114b3c79,Richard Robinson,001-356-588-0434x165,30-04-2025,I was charged more than what was mentioned.,Overcharged
83,79ff89d9,Daniel Berry,(373)334-3333,30-04-2025,I�ve been texting for help and no one responds.,No Response
84,1b4ffd5f,Blake Sosa,908.075.9579x4728,30-04-2025,I placed the order 2 days ago and it's still not here!,Late Delivery
85,93a05478,Joseph Henderson,-2586,30-04-2025,I placed the order 2 days ago and it's still not here!,Late Delivery
86,61223189,Erika Salazar,284-347-9552x763,30-04-2025,I placed the order two days ago and it's still not here!,Late Delivery
87,5d75c03c,Diana White,(931)438-6632,30-04-2025,I received the wrong product. Please check your dispatch.,Wrong Item
88,2d36226c,Chad Barry,+1-885-744-8906x1203,30-04-2025,I was charged more than what was mentioned.,Overcharged
89,18a73d94,George Ward,-6844,30-04-2025,I placed the order two days ago and it's still not here!,Late Delivery
90,2cae93a2,Dominique Nguyen,771.694.7225x69961,30-04-2025,I was charged more than what was mentioned.,Overcharged
91,50405c43,Eddie Adams,+1-647-598-7622x0234,30-04-2025,I was charged more than what was mentioned.,Overcharged
92,1a5ed196,Timothy Kennedy,681149216,30-04-2025,I received the wrong product. Please check your dispatch.,Wrong Item
93,48bfb602,Cameron Rose,(005)577-8487,30-04-2025,I�ve been texting for help and no one responds.,No Response
94,8a0ec018,Kyle Welch,+1-968-845-7831x7456,30-04-2025,I placed the order two days ago and it's still not here!,Late Delivery
95,00060d5a,Olivia Taylor,780-774-0649x3085,30-04-2025,I received the wrong product. Please check your dispatch.,Wrong Item
96,6fe633f1,Christopher Mclaughlin,(634)163-8944x8463,30-04-2025,I�ve been texting for help and no one responds.,No Response
97,1c405045,Lisa Nelson,+1-735-020-8021x442,30-04-2025,The product arrived broken and unusable,Damaged Product
98,17172654,Johnny Peterson,757-051-2046x1872,30-04-2025,I placed the order two days ago and it's still not here!,Late Delivery
99,d13757e1,Adam Villegas,001-367-303-7183x764,30-04-2025,Your delivery boy was very rude.,Rude Staff
100,0accb23c,Krista Martinez,435.031.3650x2491,30-04-2025,I was charged more than what was mentioned.,Overcharged
101,f80590f0,Richard Alvarez,+1-251-327-1950x052,30-04-2025,There was a delay in delivery,Late Delivery
102,7ce34563,William Kramer,001-573-065-2407x78487,30-04-2025,I was charged more than what was mentioned.,Overcharged
103,59008d65,John Dillon,+1-821-827-4485x708,30-04-2025,I was charged more than what was mentioned.,Overcharged
104,04cad30a,Helen Oliver,186-387-8294x56511,30-04-2025,There was a delay in delivery,Late Delivery
105,d5cf3b4c,Cassandra Johnson,731-096-7899,30-04-2025,Your delivery boy was very rude.,Rude Staff
106,9b1fc6d1,Alexis Mccall,+1-717-058-6509x4801,30-04-2025,I�ve been texting for help and no one responds.,No Response
107,f5e90352,Ashley Hall,(338)392-8861x9576,30-04-2025,The item arrived broken. This is unacceptable!,Damaged Product
108,8cca8963,George Moore,+1-755-855-6659x398,30-04-2025,The item arrived broken. This is unacceptable!,Damaged Product
109,ed17f6e9,Heather Chavez,(004)908-2404x3350,30-04-2025,Delivery was not on time,Late Delivery
110,8e6b3085,Laura Davis,522.459.3344x196,30-04-2025,I received the wrong product. Please check your dispatch.,Wrong Item
111,13c37b5d,Rebecca Thompson,001-919-409-6105x566,30-04-2025,damaged product,Damaged Product
112,bf67de42,Lindsey Smith,001-604-805-8925x83206,30-04-2025,I�ve been texting for help and no one responds.,No Response
113,8135f15a,Jeffrey Hartman,(251)790-8641,30-04-2025,The item arrived broken. This is unacceptable!,Damaged Product
114,b2a7a475,Chad Hansen,693.898.3314x6591,30-04-2025,I placed the order two days ago and it's still not here!,Late Delivery
115,5d822e3a,Frank Wheeler,4259792703,30-04-2025,The item arrived broken. This is unacceptable!,Damaged Product
116,c1fad753,Angelica Singh,924.051.4770,30-04-2025,I�ve been texting for help and no one responds.,No Response
117,363d75f1,Joseph Green,920.698.0420x4394,30-04-2025,I received the wrong product. Please check your dispatch.,Wrong Item
118,0222305d,Matthew Alvarado,+1-510-463-6815x79812,30-04-2025,Delivery was not on time,Late Delivery
119,8f8937fa,Alison Wright,457.620.5554x38404,30-04-2025,I received the wrong product. Please check your dispatch.,Wrong Item
120,fd88565a,Justin Ramirez,(562)168-9363,30-04-2025,I�ve been texting for help and no one responds.,No Response
121,4ff85111,Erin Daniels,298.324.8262,30-04-2025,I placed the order two days ago and it's still not here!,Late Delivery
122,2875d40a,Justin Fry,252-056-6474,30-04-2025,I received the wrong product. Please check your dispatch.,Wrong Item
123,21acfdb5,Phillip Salazar,999-393-3051x728,30-04-2025,I received the wrong product. Please check your dispatch.,Wrong Item
124,5fbbcda5,James Wells,(330)604-6333,30-04-2025,Delivery was not on time,Late Delivery
125,fc5217cc,Luis Watts,366.096.5699x988,30-04-2025,damaged product,Damaged Product
126,09dbebb5,Jocelyn Wilcox,3886086803,30-04-2025,Your delivery boy was very rude.,Rude Staff
127,4df742ae,Donna Jackson,908-277-1812x9826,30-04-2025,I�ve been texting for help and no one responds.,No Response
128,2dcafc82,Steven Huang,145.211.1751x868,30-04-2025,I was charged more than what was mentioned.,Overcharged
129,8ce377d7,Randy Barr,001-222-206-4474,30-04-2025,I was charged more than what was mentioned.,Overcharged
130,21aea39b,April Cannon,7778097339,30-04-2025,The item arrived broken. This is unacceptable!,Damaged Product
131,1453e17e,Adriana Khan,983-022-0502x099,30-04-2025,I�ve been texting for help and no one responds.,No Response
132,0c8d51d2,Xavier Martin,999-827-9501x4556,30-04-2025,I placed the order two days ago and it's still not here!,Late Delivery
133,8cebac57,John Martinez,586-833-9019x817,30-04-2025,The item arrived broken. This is unacceptable!,Damaged Product
134,b4f136fc,Lee Stewart,995.299.7877x29343,30-04-2025,I received the wrong product. Please check your dispatch.,Wrong Item
135,a01e31f5,Nancy Clark,+1-660-558-3034x414,30-04-2025,I placed the order two days ago and it's still not here!,Late Delivery
136,c45c3fbb,Michael Peterson,001-990-235-5770x2727,30-04-2025,I�ve been texting for help and no one responds.,No Response
137,c8b3815e,Tanya Brown,495.880.3955x12405,30-04-2025,I received the wrong product. Please check your dispatch.,Wrong Item
138,2a7cf9e9,Jean Larson,001-450-461-7357x43842,30-04-2025,I was charged more than what was mentioned.,Overcharged
139,c71d4564,Brandon Hunter,823.578.4521x8230,30-04-2025,I�ve been texting for help and no one responds.,No Response
140,85b864d4,Eric Williams,+1-157-018-4094x353,30-04-2025,I received the wrong product. Please check your dispatch.,Wrong Item
141,51b3ccf5,Megan Nelson,(410)988-1385,30-04-2025,I�ve been texting for help and no one responds.,No Response
142,f17aa7a9,Diane Sanchez,495-870-2070,30-04-2025,I received the wrong product. Please check your dispatch.,Wrong Item
143,6d2cdbf9,Michael Vance,+1-795-453-8179x2171,30-04-2025,I�ve been texting for help and no one responds.,No Response
144,b5d0b595,Julie Meza,(945)625-5770,30-04-2025,Your delivery boy was very rude.,Rude Staff
145,7a88f162,Christopher Tate,+1-928-161-5814x876,30-04-2025,I was charged more than what was mentioned.,Overcharged
146,3e628981,Valerie Reyes,396-695-8321x97199,30-04-2025,The item arrived broken. This is unacceptable!,Damaged Product
147,d2701a52,Eric Sullivan,+1-196-570-1329x022,30-04-2025,I received the wrong product. Please check your dispatch.,Wrong Item
148,9d96232d,Christina Maldonado,494-651-9098x62405,30-04-2025,I received the wrong product. Please check your dispatch.,Wrong Item
149,b40f040e,Veronica Rodriguez,036-965-6666x8327,30-04-2025,I was charged more than what was mentioned.,Overcharged
150,d7e4527a,Sara Moore,+1-220-102-7621x26796,30-04-2025,damaged product,Damaged Product
151,6c936f69,Joanna Kelly,(690)973-8468,30-04-2025,The item arrived broken. This is unacceptable!,Damaged Product
152,09b185d6,Michele Wilson,128.478.1891x3718,30-04-2025,I�ve been texting for help and no one responds.,No Response
153,e7515d4b,Richard Harrison,795.654.4209x49407,30-04-2025,Delivery was not on time,Late Delivery
154,a8049463,Rhonda Weber MD,281-442-9444,30-04-2025,The item arrived broken. This is unacceptable!,Damaged Product
155,2cb37e23,Nancy Hopkins,(243)728-0512x927,30-04-2025,I�ve been texting for help and no one responds.,No Response
156,a9217ddc,Mark Clark,001-504-102-7674x7836,30-04-2025,damaged product,Damaged Product
157,87cb0e2a,Alexandra Ho,658.018.5694x544,30-04-2025,I received the wrong product. Please check your dispatch.,Wrong Item
158,6422a73e,Michael Allen,+1-938-525-8001x06181,30-04-2025,Delivery was not on time,Late Delivery
159,4886274c,Andrew Harvey,9391119269,30-04-2025,Your delivery boy was very rude.,Rude Staff
160,2f2bdc13,John Mayer,+1-746-542-1406x6504,30-04-2025,Delivery was not on time,Late Delivery
161,7de17a85,Christina Long,+1-712-863-9174x1011,30-04-2025,I�ve been texting for help and no one responds.,No Response
162,7225539d,Jonathan Delgado,642569087,30-04-2025,I was charged more than what was mentioned.,Overcharged
163,ba4ef72f,Rachel Fernandez,6719855460,30-04-2025,The item arrived broken. This is unacceptable!,Damaged Product
164,1735f36b,Samuel Peterson,432.806.3461x571,30-04-2025,I received the wrong product. Please check your dispatch.,Wrong Item
165,23d34d22,Alexander Davies,761.847.8700,30-04-2025,I�ve been texting for help and no one responds.,No Response
166,b8943df8,Bruce Roman,+1-878-293-1027x07903,30-04-2025,I received the wrong product. Please check your dispatch.,Wrong Item
167,a1f619ed,Eric Leon,929.111.7993x136,30-04-2025,I�ve been texting for help and no one responds.,No Response
168,bce8e033,Erika Daugherty,001-825-309-2511,30-04-2025,I received the wrong product. Please check your dispatch.,Wrong Item
169,2b056167,Kristen Gonzales,001-021-962-0710,30-04-2025,I placed the order two days ago and it's still not here!,Late Delivery
170,b4ecfe8d,Stacie Butler,001-723-248-7632x90927,30-04-2025,I was charged more than what was mentioned.,Overcharged
171,d3946dc7,Hannah Smith,318.195.8837,30-04-2025,The item arrived broken. This is unacceptable!,Damaged Product
172,0d95ee72,Robert Jennings,722.005.4364x5970,30-04-2025,I was charged more than what was mentioned.,Overcharged
173,8990779c,Richard Washington,137-995-6353,30-04-2025,I was charged more than what was mentioned.,Overcharged
174,3cb3c9fa,Sheila Bennett,179.706.2397,30-04-2025,The item arrived broken. This is unacceptable!,Damaged Product
175,752e7613,Lynn Cantrell,520.904.2177,30-04-2025,Your delivery boy was very rude.,Rude Staff
176,384852b6,Lindsey Clarke,+1-929-831-6873x9774,30-04-2025,I was charged more than what was mentioned.,Overcharged
177,df629d0c,Garrett Riley,001-290-600-7806,30-04-2025,I placed the order two days ago and it's still not here!,Late Delivery
178,cc4ae02c,Annette Simpson,806-325-4310,30-04-2025,Your delivery boy was very rude.,Rude Staff
179,b40bc353,Kelly Silva,726.257.0165x804,30-04-2025,I�ve been texting for help and no one responds.,No Response
180,f2335074,Laura Clark,+1-195-085-0165x79055,30-04-2025,Your delivery boy was very rude.,Rude Staff
181,11274cb2,Patricia Taylor,381-793-3554x86401,30-04-2025,The item arrived broken. This is unacceptable!,Damaged Product
182,805f0892,Barbara Mckinney,+1-847-951-3711x62411,30-04-2025,I�ve been texting for help and no one responds.,No Response
183,25e050f6,Shaun Meyer DDS,682-756-7043x1038,30-04-2025,I received the wrong product. Please check your dispatch.,Wrong Item
184,57c13f7e,Rachel Tucker,+1-887-749-2424x37540,30-04-2025,Your delivery boy was very rude.,Rude Staff
185,f4ca6e70,Thomas Joseph,222-231-0592x7452,30-04-2025,I placed the order two days ago and it's still not here!,Late Delivery
186,aa61b32f,Gregg Watson,-7664,30-04-2025,I�ve been texting for help and no one responds.,No Response
187,8bd03267,Erin Thornton,492.975.1702x8140,30-04-2025,Your delivery boy was very rude.,Rude Staff
188,722b4439,Gabriel Franklin,983.430.1871,30-04-2025,I�ve been texting for help and no one responds.,No Response
189,51589375,Kayla Brown,+1-562-656-5045x54781,30-04-2025,The item arrived broken. This is unacceptable!,Damaged Product
190,bdd4c1f2,Regina Roberts PhD,(629)912-3478x51961,30-04-2025,Your delivery boy was very rude.,Rude Staff
191,45f8e14d,Justin Page,001-232-648-7049x47873,30-04-2025,I received the wrong product. Please check your dispatch.,Wrong Item
192,433ecd2c,Martin Fields,462-730-1471,30-04-2025,The item arrived broken. This is unacceptable!,Damaged Product
193,7b011fdd,Sheena Burton,158.904.2902x5725,30-04-2025,I received the wrong product. Please check your dispatch.,Wrong Item
194,6b65450b,Tina Williams,818-321-9285x5445,30-04-2025,Your delivery boy was very rude.,Rude Staff
195,d2c4c286,Chad Campbell,001-765-213-2833x89888,30-04-2025,The item arrived broken. This is unacceptable!,Damaged Product
196,138ef8cc,Carlos Smith,(452)798-5240x132,30-04-2025,Your delivery boy was very rude.,Rude Staff
197,20168e6d,William Coleman,001-110-760-3108x90714,30-04-2025,Got it after the expected date,Late Delivery
198,02a13629,Rachel Mora,932.501.2495,30-04-2025,I�ve been texting for help and no one responds.,No Response
199,c7e2a618,Dana Hudson,908-334-2801,30-04-2025,I placed the order two days ago and it's still not here!,Late Delivery
200,b52f80c9,Michael Lopez,+1-125-663-8361x51718,30-04-2025,I�ve been texting for help and no one responds.,No Response
201,b4693ec4,Nathan Miller,164.794.7386x4631,30-04-2025,I was charged more than what was mentioned.,Overcharged
202,2de66d5b,Michael Powers,(781)126-6912x1535,30-04-2025,late delivery,Late Delivery
203,677f7c73,Ryan Hardy,994-657-9678x427,30-04-2025,I was charged more than what was mentioned.,Overcharged
204,7f4d55b9,Tommy Johnson,001-017-026-9524x9911,30-04-2025,I�ve been texting for help and no one responds.,No Response
205,774d34f5,Matthew Henry,858-800-6167x567,30-04-2025,I was charged more than what was mentioned.,Overcharged
206,8e81b2f0,Peggy Dyer,(762)467-1978,30-04-2025,I was charged more than what was mentioned.,Overcharged
207,8feff87b,Katie Myers,969.545.0090x2559,30-04-2025,Your delivery boy was very rude.,Rude Staff
208,575c9669,Jeffrey Braun,(503)334-9114x15208,30-04-2025,I�ve been texting for help and no one responds.,No Response
209,dd05b827,Jose Fisher,7905696591,30-04-2025,I was charged more than what was mentioned.,Overcharged
210,34b6685d,Jonathan Hubbard,294-563-7183x44049,30-04-2025,I placed the order two days ago and it's still not here!,Late Delivery
211,be2de8c8,Michelle Lane,001-541-987-6351,30-04-2025,I received the wrong product. Please check your dispatch.,Wrong Item
212,cddb3f9e,Matthew Edwards,(649)878-2082x97374,30-04-2025,Your delivery boy was very rude.,Rude Staff
213,da4f706b,Jessica Knight,+1-083-572-3246x6513,30-04-2025,2 days late delivery,Late Delivery
214,a5630d3a,Michael Young,123.034.7786,30-04-2025,I was charged more than what was mentioned.,Overcharged
215,33b5a667,Chad Green,820-700-1594x165,30-04-2025,Your delivery boy was very rude.,Rude Staff
216,f17312f4,Sarah Young,001-818-984-7139,30-04-2025,I placed the order two days ago and it's still not here!,Late Delivery
217,544c14d1,Nancy Shaffer,001-363-212-3476x4907,30-04-2025,I placed the order two days ago and it's still not here!,Late Delivery
218,1ceb08fe,Jeff Vega,257-540-9003x486,30-04-2025,The item arrived broken. This is unacceptable!,Damaged Product
219,5ce4124b,Melinda Nichols,760.644.1343,30-04-2025,Your delivery boy was very rude.,Rude Staff
220,5132fe68,Pamela Sullivan,4177656124,30-04-2025,Your delivery boy was very rude.,Rude Staff
221,9a244525,Kimberly Murphy,001-002-720-6345x911,30-04-2025,I received the wrong product. Please check your dispatch.,Wrong Item
222,f83bf029,Marie Anderson,+1-657-724-2954x316,30-04-2025,The item arrived broken. This is unacceptable!,Damaged Product
223,60980b94,Stacey Walker,8931734206,30-04-2025,Got it after the expected date,Late Delivery
224,263553ba,Jacob Valentine,086-771-3334,30-04-2025,I was charged more than what was mentioned.,Overcharged
225,2154be4a,Daniel Lewis,362-620-4439x7359,30-04-2025,I placed the order two days ago and it's still not here!,Late Delivery
226,7808a004,Frank Steele,+1-366-941-1800x53759,30-04-2025,I was charged more than what was mentioned.,Overcharged
227,0ba6aa86,Jonathan James,(528)092-4287x5721,30-04-2025,Your delivery boy was very rude.,Rude Staff
228,244cb9a8,Erik Good,456.449.4856x2572,30-04-2025,Your delivery boy was very rude.,Rude Staff
229,a2fba345,Amy Hernandez,207.427.6170,30-04-2025,Your delivery boy was very rude.,Rude Staff
230,8f942977,Mr. Ryan Camacho,513-422-8499,30-04-2025,I�ve been texting for help and no one responds.,No Response
231,010e622b,Laura Butler,371-504-1659,30-04-2025,I received the wrong product. Please check your dispatch.,Wrong Item
232,076451d3,Ronald Keller,490.509.7592x304,30-04-2025,I�ve been texting for help and no one responds.,No Response
233,121af952,Lindsey Davis,236-103-2664x214,30-04-2025,I placed the order two days ago and it's still not here!,Late Delivery
234,ce6d29bf,Stephanie Munoz,(158)377-6749x961,30-04-2025,I placed the order two days ago and it's still not here!,Late Delivery
235,2fb50401,Jeffery Williams,732-788-1476x17422,30-04-2025,I placed the order two days ago and it's still not here!,Late Delivery
236,6d7fd4e2,Anthony Jones,8186617945,30-04-2025,I received the wrong product. Please check your dispatch.,Wrong Item
237,80e1be4d,Patrick Ford,(601)645-9779,30-04-2025,The item arrived broken. This is unacceptable!,Damaged Product
238,df107434,Christine Miller,+1-416-800-6102x776,30-04-2025,I was charged more than what was mentioned.,Overcharged
239,b9d5546c,Mr. William Ward,+1-641-220-3103x03723,30-04-2025,There was a delay in delivery,Late Delivery
240,ca3e3238,Angelica Carrillo,(760)122-7770,30-04-2025,I was charged more than what was mentioned.,Overcharged
241,4b7a123e,Sandra Williams,1667998407,30-04-2025,I was charged more than what was mentioned.,Overcharged
242,b98050a6,Meghan Velasquez,308.069.5814x6717,30-04-2025,There was a delay in delivery,Late Delivery
243,72c573e9,Alisha Roberts,757.383.9597,30-04-2025,Your delivery boy was very rude.,Rude Staff
244,b61d56f5,Jason Pugh,+1-572-934-1722x3297,30-04-2025,There was a delay in delivery,Late Delivery
245,fe678797,David Hawkins DVM,(452)280-1561x931,30-04-2025,The item arrived broken. This is unacceptable!,Damaged Product
246,fe60afde,Henry Williams,-9048,30-04-2025,I�ve been texting for help and no one responds.,No Response
247,f287b989,Justin Romero,(135)247-8712,30-04-2025,I received the wrong product. Please check your dispatch.,Wrong Item
248,2.35E+76,Dakota Montes,001-037-548-2145x65328,30-04-2025,delay for delivery,Late Delivery
249,cd40b648,Thomas Villanueva,507.208.1155x62606,30-04-2025,I�ve been texting for help and no one responds.,No Response
250,26a4cbef,Amy Welch,001-846-684-5504x892,30-04-2025,Your delivery boy was very rude.,Rude Staff
251,e3386d52,Rachel Pearson,001-563-410-8562x884,30-04-2025,I was charged more than what was mentioned.,Overcharged
252,4fefc63f,Nicole Moore,8943468105,30-04-2025,Your delivery boy was very rude.,Rude Staff
253,1fb235c4,Matthew Martinez,907-539-9893x5449,30-04-2025,I was charged more than what was mentioned.,Overcharged
254,bccd9b8c,Garrett Aguilar,001-571-266-1106x27371,30-04-2025,Got it after the expected date,Late Delivery
255,9696dc6c,Peggy Wiggins,001-767-762-2827,30-04-2025,I received the wrong product. Please check your dispatch.,Wrong Item
256,83601fb5,Bailey Lewis,028.519.6115x9408,30-04-2025,I placed the order two days ago and it's still not here!,Late Delivery
257,fdb37e45,Edward Johnson,(296)044-3270,30-04-2025,I�ve been texting for help and no one responds.,No Response
258,ded44617,John Collins,567.922.8777x251,30-04-2025,I placed the order two days ago and it's still not here!,Late Delivery
259,6321d753,James Weaver,+1-741-209-4818x13989,30-04-2025,I received the wrong product. Please check your dispatch.,Wrong Item
260,307c3f63,Kathryn Smith,+1-820-433-9718x95690,30-04-2025,I�ve been texting for help and no one responds.,No Response
261,57076494,Jason Heath,641-118-2422x41246,30-04-2025,I placed the order two days ago and it's still not here!,Late Delivery
262,5346405c,Micheal Evans,526-546-1033,30-04-2025,I placed the order two days ago and it's still not here!,Late Delivery
263,823500f9,Janice Wilson,5786170630,30-04-2025,Your delivery boy was very rude.,Rude Staff
264,acd32f62,Phillip Pearson,(496)718-3258,30-04-2025,The item arrived broken. This is unacceptable!,Damaged Product
265,f3de6bc2,Thomas Hayes,7942007494,30-04-2025,late delivery,Late Delivery
266,a1d8507b,Ryan Campbell,(891)416-1284,30-04-2025,I received the wrong product. Please check your dispatch.,Wrong Item
267,f5194ab9,Stacey Dougherty,+1-474-355-3795x0209,30-04-2025,I received the wrong product. Please check your dispatch.,Wrong Item
268,ac367cb9,Justin Horton,681.180.7156x9562,30-04-2025,I�ve been texting for help and no one responds.,No Response
269,efadf069,Adam Paul,001-453-194-3375x04793,30-04-2025,The item arrived broken. This is unacceptable!,Damaged Product
270,a3708c7f,Sergio Carroll,283.999.2192x1249,30-04-2025,I was charged more than what was mentioned.,Overcharged
271,c841b6a8,Ryan Johnson,001-894-870-6056x641,30-04-2025,delay for delivery,Late Delivery
272,846af2e6,Stacey Walker,687-506-3519x036,30-04-2025,I received the wrong product. Please check your dispatch.,Wrong Item
273,2a1b76e3,Arthur Garrett,7609543173,30-04-2025,I�ve been texting for help and no one responds.,No Response
274,55660d8e,Cynthia Jones,+1-971-791-1006x512,30-04-2025,I placed the order two days ago and it's still not here!,Late Delivery
275,0e06a416,Mark Jones,+1-080-466-1963x99076,30-04-2025,I�ve been texting for help and no one responds.,No Response
276,9ec620e0,Gina Pace,7859311091,30-04-2025,Your delivery boy was very rude.,Rude Staff
277,e784cabe,Mandy Scott,(797)232-0024x96854,30-04-2025,Your delivery boy was very rude.,Rude Staff
278,2547a8dc,Eric Cooper,(089)203-8806x533,30-04-2025,I�ve been texting for help and no one responds.,No Response
279,1182e8e7,Michael Neal,959.959.4652x170,30-04-2025,I received the wrong product. Please check your dispatch.,Wrong Item
280,a3863cd1,David Hanson,756.362.0501,30-04-2025,I placed the order two days ago and it's still not here!,Late Delivery
281,247474b3,Cory Willis,001-500-334-2342x58323,30-04-2025,I received the wrong product. Please check your dispatch.,Wrong Item
282,e9204a24,Ronald Taylor,+1-153-473-5528x9611,30-04-2025,I placed the order two days ago and it's still not here!,Late Delivery
283,cb7e717c,Joseph Benson,963-099-3842x53042,30-04-2025,Your delivery boy was very rude.,Rude Staff
284,7d2e7d9e,Brad Ruiz,+1-912-868-5787x25587,30-04-2025,I placed the order two days ago and it's still not here!,Late Delivery
285,66a466d4,Rachel Santos,337.363.4669,30-04-2025,I placed the order two days ago and it's still not here!,Late Delivery
286,4128d40b,Brandy Miller,853.907.8956x776,30-04-2025,I received the wrong product. Please check your dispatch.,Wrong Item
287,51284026,Alexander Alexander,151-488-8143x111,30-04-2025,Your delivery boy was very rude.,Rude Staff
288,5571276b,Gary Turner,001-439-284-0445x66907,30-04-2025,I placed the order two days ago and it's still not here!,Late Delivery
289,f394c60d,James Perez,001-373-898-7751x5366,30-04-2025,Your delivery boy was very rude.,Rude Staff
290,8ef65ee8,Charles Russo,075-536-6684x5909,30-04-2025,The item arrived broken. This is unacceptable!,Damaged Product
291,fa2c9e79,Erin Soto,+1-996-636-1863x715,30-04-2025,Your delivery boy was very rude.,Rude Staff
292,e50dede5,Christopher Leonard,(097)023-1643,30-04-2025,The item arrived broken. This is unacceptable!,Damaged Product
293,11ea2c00,Jacob Smith,662-128-6716x32346,30-04-2025,I was charged more than what was mentioned.,Overcharged
294,f06c69d9,Dale Moran,430.271.6938x597,30-04-2025,The item arrived broken. This is unacceptable!,Damaged Product
295,bcbf1583,Matthew Ellison,(469)263-2967x629,30-04-2025,I was charged more than what was mentioned.,Overcharged
296,0b2d983a,Seth Hill,+1-841-376-8151x1856,30-04-2025,The item arrived broken. This is unacceptable!,Damaged Product
297,818d72af,Alexander Fowler,+1-765-636-0041x25777,30-04-2025,I received the wrong product. Please check your dispatch.,Wrong Item
298,3e06f427,Jessica Ruiz,220-912-4186x210,30-04-2025,I was charged more than what was mentioned.,Overcharged
299,2d8d7db8,Andrew Leonard,708.164.7090,30-04-2025,delay for delivery,Late Delivery
300,33a51ac6,Jade Allen,060-053-1312,30-04-2025,I�ve been texting for help and no one responds.,No Response
301,1b912adc,Erica Sims,+1-386-613-3155x206,30-04-2025,The item arrived broken. This is unacceptable!,Damaged Product
302,3677f5b4,Austin Briggs,+1-950-136-4971x8924,30-04-2025,I�ve been texting for help and no one responds.,No Response
303,a180f402,Megan Compton,001-252-571-5099x768,30-04-2025,Your delivery boy was very rude.,Rude Staff
304,966456be,Alexis Smith,001-143-639-1025x74326,30-04-2025,The item arrived broken. This is unacceptable!,Damaged Product
305,ec648a9b,Virginia Wallace,245-086-4035x53380,30-04-2025,The item arrived broken. This is unacceptable!,Damaged Product
306,b8314c26,Shane Boyd,(701)713-0232,30-04-2025,Your delivery boy was very rude.,Rude Staff
307,d4cae432,Christine Romero,(742)336-2934x49734,30-04-2025,Your delivery boy was very rude.,Rude Staff
308,5c0d8fcc,Christopher Alexander,962.706.6149x82824,30-04-2025,I�ve been texting for help and no one responds.,No Response
309,48817b98,Larry Jones,(732)300-8576,30-04-2025,I�ve been texting for help and no one responds.,No Response
310,be006ccb,John Davidson,001-160-169-2364,30-04-2025,I placed the order two days ago and it's still not here!,Late Delivery
311,a28e0841,Melissa Curtis,(337)050-2497x24399,30-04-2025,Your delivery boy was very rude.,Rude Staff
312,17a15a60,Sydney Sanders,001-183-626-4488,30-04-2025,I was charged more than what was mentioned.,Overcharged
313,4ed7b3f3,Nicole Glass,195-243-6402,30-04-2025,The item arrived broken. This is unacceptable!,Damaged Product
314,c6141017,Kelly Pena,001-622-522-3728x1793,30-04-2025,I�ve been texting for help and no one responds.,No Response
315,2ec75a83,Cheryl Bird,(791)214-1614x15093,30-04-2025,I was charged more than what was mentioned.,Overcharged
316,19cea0c3,Derek Moses,+1-901-380-6984x77596,30-04-2025,I�ve been texting for help and no one responds.,No Response
317,57d3ec63,Dr. Teresa Ortega MD,5510762091,30-04-2025,I�ve been texting for help and no one responds.,No Response
318,c05e5ade,Isabella Montgomery,+1-786-305-0505x73976,30-04-2025,Got it after the expected date,Late Delivery
319,6d8bebc3,Teresa Alvarez,+1-164-932-8980x27148,30-04-2025,Your delivery boy was very rude.,Rude Staff
320,f47e3ca0,Matthew Allen,211.602.5643,30-04-2025,delay for delivery,Late Delivery
321,e5c345fc,Mary Livingston,+1-715-399-1566x8633,30-04-2025,The item arrived broken. This is unacceptable!,Damaged Product
322,1c8390ba,Patrick Pineda,001-195-256-9040x9836,30-04-2025,Got it after the expected date,Late Delivery
323,cc2a261d,Rebecca Meyer,+1-931-608-7524x377,30-04-2025,late delivery,Late Delivery
324,bf3f51d5,Rebecca Warner,+1-548-149-7374x605,30-04-2025,I placed the order two days ago and it's still not here!,Late Delivery
325,d91b1cb6,Rita Graves,2764208656,30-04-2025,I was charged more than what was mentioned.,Overcharged
326,643058d9,Joseph Campbell,001-386-125-9047x292,30-04-2025,I placed the order two days ago and it's still not here!,Late Delivery
327,e5b015b4,Daniel Goodman,001-059-126-6201x5720,30-04-2025,I was charged more than what was mentioned.,Overcharged
328,56a701ab,Tracy Sims,(301)367-4926x1764,30-04-2025,The item arrived broken. This is unacceptable!,Damaged Product
329,02f86044,Bradley Burns,+1-830-999-7419x26764,30-04-2025,I received the wrong product. Please check your dispatch.,Wrong Item
330,10416cbc,Shannon Medina,(068)887-1898x1312,30-04-2025,I received the wrong product. Please check your dispatch.,Wrong Item
331,8e023ef0,Ernest Williams,001-321-840-1184,30-04-2025,The item arrived broken. This is unacceptable!,Damaged Product
332,6c4d1774,Mary Wright,8487297585,30-04-2025,I�ve been texting for help and no one responds.,No Response
333,b01c337e,Robert Young,243.298.3954,30-04-2025,I placed the order two days ago and it's still not here!,Late Delivery
334,13093c17,Debbie Santos,(671)462-8314,30-04-2025,I received the wrong product. Please check your dispatch.,Wrong Item
335,b6e5dd9a,Matthew Hoover,+1-262-566-0931x418,30-04-2025,delay for delivery,Late Delivery
336,10e2b676,Brandon Blankenship,001-423-401-6361x12849,30-04-2025,I�ve been texting for help and no one responds.,No Response
337,b3510ddc,Diane Nelson,025-625-8896,30-04-2025,I was charged more than what was mentioned.,Overcharged
338,026e6d11,Michelle Sandoval,(694)053-9672,30-04-2025,Your delivery boy was very rude.,Rude Staff
339,77fa7bbc,Desiree Patterson,001-341-465-1113x129,30-04-2025,I received the wrong product. Please check your dispatch.,Wrong Item
340,8ddd6a3e,Rhonda Smith,(827)788-1609x30685,30-04-2025,I was charged more than what was mentioned.,Overcharged
341,f36c1c45,Yvonne Duffy,+1-909-728-3215x28506,30-04-2025,I�ve been texting for help and no one responds.,No Response
342,f8401eea,Thomas Wright,-3983,30-04-2025,I was charged more than what was mentioned.,Overcharged
343,eee06433,Kaylee Barry,970.509.7545x105,30-04-2025,I�ve been texting for help and no one responds.,No Response
344,19f145cc,Craig Rice,(617)024-3765,30-04-2025,I was charged more than what was mentioned.,Overcharged
345,2ea37b78,Debra Mayo,+1-722-560-5313x40266,30-04-2025,I placed the order two days ago and it's still not here!,Late Delivery
346,aa8c662d,John Ortega,167-872-5686x211,30-04-2025,I received the wrong product. Please check your dispatch.,Wrong Item
347,80000fac,Michael Williams,690-674-4716x39282,30-04-2025,delay for delivery,Late Delivery
348,dd3a0936,Michael Estrada,(371)892-3923x12604,30-04-2025,I�ve been texting for help and no one responds.,No Response
349,0485742a,Ann Williams,(843)356-7086x04145,30-04-2025,I was charged more than what was mentioned.,Overcharged
350,6b06e92f,Steven White,534749162,30-04-2025,The item arrived broken. This is unacceptable!,Damaged Product
351,559383cf,Brent Smith,-10386,30-04-2025,delay for delivery,Late Delivery
352,e31f2212,Mark Guzman,9337118954,30-04-2025,Your delivery boy was very rude.,Rude Staff
353,88973a4a,Amanda Lee,-7231,30-04-2025,I received the wrong product. Please check your dispatch.,Wrong Item
354,ca77736e,Kyle Horton,(409)036-7881,30-04-2025,I was charged more than what was mentioned.,Overcharged
355,6257ae9c,Jeanette Lawson,202.939.0878,30-04-2025,late delivery,Late Delivery
356,3867f62d,Derrick Wilson,083.402.4240,30-04-2025,I placed the order two days ago and it's still not here!,Late Delivery
357,d2cb03eb,Brian Wong,+1-955-184-2694x5005,30-04-2025,Your delivery boy was very rude.,Rude Staff
358,2d3e854b,Alan Sandoval,001-916-498-3735x43962,30-04-2025,The item arrived broken. This is unacceptable!,Damaged Product
359,6f144dc6,Steven Davis,(722)397-2404,30-04-2025,I received the wrong product. Please check your dispatch.,Wrong Item
360,64ea1dd3,Chelsea Thomas,(376)182-0916x60100,30-04-2025,I placed the order two days ago and it's still not here!,Late Delivery
361,44852295,Mark Smith,1851327972,30-04-2025,The item arrived broken. This is unacceptable!,Damaged Product
362,3e6a41f1,Michael Burton,001-841-8620,30-04-2025,I received the wrong product. Please check your dispatch.,Wrong Item
363,62a876d7,Matthew Perez,+1-617-213-1451x95151,30-04-2025,I placed the order two days ago and it's still not here!,Late Delivery
364,6dba9754,Linda Shelton,(494)514-7541,30-04-2025,The item arrived broken. This is unacceptable!,Damaged Product
365,260d76ca,Bridget Hernandez,711.964.2152x265,30-04-2025,I received the wrong product. Please check your dispatch.,Wrong Item
366,b184071c,Lindsay Fields,(366)878-8788,30-04-2025,Your delivery boy was very rude.,Rude Staff
367,b70510f8,Kenneth Steele,001-313-503-0587x2105,30-04-2025,The item arrived broken. This is unacceptable!,Damaged Product
368,c75566c2,Elizabeth Thomas,-2194,30-04-2025,I was charged more than what was mentioned.,Overcharged
369,1b2375d0,Angela Monroe,(025)213-1096,30-04-2025,I�ve been texting for help and no one responds.,No Response
370,be59d035,Joseph Rush,657.041.2009x2820,30-04-2025,I�ve been texting for help and no one responds.,No Response
371,f2bffc3f,Kristen Gallegos,001-843-624-1862,30-04-2025,I was charged more than what was mentioned.,Overcharged
372,380a402d,Rodney Daugherty,+1-177-566-2056x341,30-04-2025,The item arrived broken. This is unacceptable!,Damaged Product
373,c75f41dc,Alyssa Campbell,-4846,30-04-2025,I was charged more than what was mentioned.,Overcharged
374,91f390f4,Kristy Tyler,514054683,30-04-2025,late delivery,No Response
375,5b182716,Michele Davis,(818)209-6790x42271,30-04-2025,I�ve been texting for help and no one responds.,No Response
376,3b482d28,Rhonda Pena,001-288-985-7254x59606,30-04-2025,The item arrived broken. This is unacceptable!,Damaged Product
377,9b5c4b58,Christian Burton,102.481.7175x2421,30-04-2025,I�ve been texting for help and no one responds.,No Response
378,16d7ba54,Michael Murray,472.197.0546x6927,30-04-2025,Your delivery boy was very rude.,Rude Staff
379,f3b937f2,Bradley Gutierrez,409.038.0214x629,30-04-2025,I was charged more than what was mentioned.,Overcharged
380,63629509,Maureen Bailey,871.121.6636x515,30-04-2025,Your delivery boy was very rude.,Rude Staff
381,366f4268,Karen Ramirez,8272359096,30-04-2025,Your delivery boy was very rude.,Rude Staff
382,ca208c07,John Brown,6442121461,30-04-2025,The item arrived broken. This is unacceptable!,Damaged Product
383,df0ccde7,Daniel Orozco,(016)542-3567,30-04-2025,I was charged more than what was mentioned.,Overcharged
384,2922ecb0,Jessica Gaines,001-608-931-9925,30-04-2025,The item arrived broken. This is unacceptable!,Damaged Product
385,756aae2d,Kathryn Stewart,+1-648-072-7910x33682,30-04-2025,I�ve been texting for help and no one responds.,No Response
386,35b30874,Valerie Ray,5504481776,30-04-2025,I received the wrong product. Please check your dispatch.,Wrong Item
387,8adf1e46,William Rogers,(765)289-2866,30-04-2025,delay for delivery,Damaged Product
388,ae26f348,Douglas Oliver,111-096-1798,30-04-2025,The item arrived broken. This is unacceptable!,Damaged Product
389,94cbb94e,Mary Christian,378.613.7157,30-04-2025,I received the wrong product. Please check your dispatch.,Wrong Item
390,b42e8714,Jennifer Ayers,844.446.3060,30-04-2025,I�ve been texting for help and no one responds.,No Response
391,5fd90dfe,Kelly Figueroa,529-638-6396x09626,30-04-2025,I was charged more than what was mentioned.,Overcharged
392,846c454c,David Mckinney,(819)648-2531,30-04-2025,I placed the order 2 days ago and it's still not here!,Late Delivery
393,a0ff3498,Brittany Montgomery,-5455,30-04-2025,I received the wrong product. Please check your dispatch.,Wrong Item
394,3ec8fe58,Renee Gray,041-209-1179x112,30-04-2025,I placed the order 2 days ago and it's still not here!,Late Delivery
395,17c03e28,Ryan Durham,617.061.7136,30-04-2025,I�ve been texting for help and no one responds.,No Response
396,e886818e,Christopher Evans,(990)155-7998,30-04-2025,The item arrived broken. This is unacceptable!,Damaged Product
397,4126fa8f,Cheryl Johnson,8823513052,30-04-2025,The item arrived broken. This is unacceptable!,Damaged Product
398,f099e2b6,Donald Gonzalez,584-776-8634,30-04-2025,I�ve been texting for help and no one responds.,No Response
399,e327119f,Tonya Garcia,001-942-376-7694x59196,30-04-2025,I was charged more than what was mentioned.,Overcharged
400,5fbbdfd7,Sabrina Cole,8496498560,30-04-2025,I was charged more than what was mentioned.,Overcharged
401,6dec4b0d,Heather Jones,+1-552-510-5053x79538,30-04-2025,Your delivery boy was very rude.,Rude Staff
402,36511c93,Ashley Ramirez,+1-196-655-3307x704,30-04-2025,I�ve been texting for help and no one responds.,No Response
403,2bcfd03f,Leslie Young,4090742608,30-04-2025,I�ve been texting for help and no one responds.,No Response
404,042a6bd7,Brandon Lang,001-445-561-8579x0647,30-04-2025,Your delivery boy was very rude.,Rude Staff
405,e914ae70,James Williamson,3002156321,30-04-2025,I�ve been texting for help and no one responds.,No Response
406,5e6ee398,Kimberly Smith,001-040-104-1459x642,30-04-2025,I�ve been texting for help and no one responds.,No Response
407,205474fa,Charles Silva,(718)839-7745x73144,30-04-2025,Your delivery boy was very rude.,Rude Staff
408,df748fb5,Matthew Foley,001-117-030-3763x715,30-04-2025,I�ve been texting for help and no one responds.,No Response
409,8713b81f,Emily Blackburn,001-728-123-5679x836,30-04-2025,I�ve been texting for help and no one responds.,No Response
410,2a08c526,Tiffany Ray,271-130-7240,30-04-2025,The item arrived broken. This is unacceptable!,Damaged Product
411,5a19d7ab,Timothy Miller,(326)868-5074x51066,30-04-2025,late delivery,Late Delivery
412,2d389d1f,Kendra Snyder,(103)131-0094x31814,30-04-2025,I was charged more than what was mentioned.,Overcharged
413,b7403274,James Robinson,001-473-235-4940x128,30-04-2025,I placed the order two days ago and it's still not here!,Late Delivery
414,da41a15f,Cynthia Edwards,225-720-7650,30-04-2025,The item arrived broken. This is unacceptable!,Damaged Product
415,13b4c4f6,Philip Smith,(790)737-1009x438,30-04-2025,I received the wrong product. Please check your dispatch.,Wrong Item
416,c67736bc,Eric Fitzgerald,758.474.5705x458,30-04-2025,I placed the order 2 days ago and it's still not here!,Late Delivery
417,af8f8cf0,Margaret Hernandez,(325)703-9653x13614,30-04-2025,late delivery,Late Delivery
418,e9926bad,Tyler Rose,556-964-4309x859,30-04-2025,The item arrived broken. This is unacceptable!,Damaged Product
419,9110c9fd,Rebecca Roberts,7272849824,30-04-2025,I was charged more than what was mentioned.,Overcharged
420,4b73361f,Andrew Campbell,001-107-406-5004,30-04-2025,I received the wrong product. Please check your dispatch.,Wrong Item
421,c90703e8,Mary Mack,(142)369-1430,30-04-2025,The item arrived broken. This is unacceptable!,Damaged Product
422,cfcc2abd,Jasmine Ross,449-429-6592,30-04-2025,I�ve been texting for help and no one responds.,No Response
423,8de58a88,Eric Evans,+1-782-661-2875x8575,30-04-2025,I was charged more than what was mentioned.,Overcharged
424,6906b588,Thomas Johnson,001-612-943-9852x98940,30-04-2025,Your delivery boy was very rude.,Rude Staff
425,1862029,Phillip Holmes,1041591497,30-04-2025,I�ve been texting for help and no one responds.,No Response
426,bd8fa26f,Kayla Love,001-382-872-3244x079,30-04-2025,delay for delivery,Late Delivery
427,272c7482,Barbara Davis,170.876.0146,30-04-2025,I was charged more than what was mentioned.,Overcharged
428,3c243b45,Kimberly Underwood,+1-791-620-2232x88377,30-04-2025,I placed the order 2 days ago and it's still not here!,Late Delivery
429,f58703c5,Holly Hill,(176)620-4719x6094,30-04-2025,I was charged more than what was mentioned.,Overcharged
430,a83db2df,Amanda Meadows,(774)025-8835,30-04-2025,I placed the order 2 days ago and it's still not here!,Late Delivery
431,2cabd3d7,Heather Ball,724-461-7679x29884,30-04-2025,I received the wrong product. Please check your dispatch.,Wrong Item
432,f487a21f,Lauren Gallegos,002-311-7753,30-04-2025,I was charged more than what was mentioned.,Overcharged
433,2c8b2151,Janet Mcpherson,094-101-7590,30-04-2025,I received the wrong product. Please check your dispatch.,Wrong Item
434,73131038,William Berry,347.743.3268,30-04-2025,I was charged more than what was mentioned.,Overcharged
435,a10db956,Anne Johnson,(056)981-5287,30-04-2025,I placed the order two days ago and it's still not here!,Late Delivery
436,d3dc00ee,Harold Montgomery,-10005,30-04-2025,Your delivery boy was very rude.,Rude Staff
437,3b06dd82,Joshua Johnson,465-124-1893x8984,30-04-2025,I�ve been texting for help and no one responds.,No Response
438,b2908892,Lauren Giles,005-643-5023x850,30-04-2025,I was charged more than what was mentioned.,Overcharged
439,f2aff86f,Lisa Conley,5169918724,30-04-2025,The item arrived broken. This is unacceptable!,Damaged Product
440,81f25a73,Gregory Woods,000.389.6087,30-04-2025,I�ve been texting for help and no one responds.,No Response
441,b2086418,Michael Dunn,719-553-5603,30-04-2025,I placed the order two days ago and it's still not here!,Late Delivery
442,3a24ec19,Paul Morton,-1472,30-04-2025,Your delivery boy was very rude.,Rude Staff
443,9a37ef9d,Dana Carter,+1-671-114-8375x374,30-04-2025,Your delivery boy was very rude.,Rude Staff
444,de74e122,Kelsey Adams,001-881-056-9741x328,30-04-2025,The item arrived broken. This is unacceptable!,Damaged Product
445,35f4ffba,Nathaniel French,3771070449,30-04-2025,I received the wrong product. Please check your dispatch.,Wrong Item
446,15a15a52,Scott Cruz,6670336268,30-04-2025,I placed the order two days ago and it's still not here!,Late Delivery
447,8aa2f756,Teresa Kent,001-549-305-9660x18648,30-04-2025,I�ve been texting for help and no one responds.,No Response
448,917c4f11,Debbie Horne,320.441.3845x960,30-04-2025,I received the wrong product. Please check your dispatch.,Wrong Item
449,a8c34b25,Matthew Ingram,1495427707,30-04-2025,delay for delivery,Late Delivery
450,5bd55037,Dr. Daniel Brown,498-517-2444,30-04-2025,I placed the order 2 days ago and it's still not here!,Late Delivery
451,2cabb9ad,Luke Williams,028-795-0830,30-04-2025,I�ve been texting for help and no one responds.,No Response
452,adaad2f9,Sarah Fernandez,9351187181,30-04-2025,I placed the order 2 days ago and it's still not here!,Late Delivery
453,5f116839,Melanie Jones,(420)595-5657x49025,30-04-2025,The item arrived broken. This is unacceptable!,Damaged Product
454,e9707c9e,Ashley Lewis,889-536-9026x11398,30-04-2025,The item arrived broken. This is unacceptable!,Damaged Product
455,6b074c79,Barbara Johns,9788754394,30-04-2025,Your delivery boy was very rude.,Rude Staff
456,c4844743,Crystal Edwards,376-515-8815,30-04-2025,I was charged more than what was mentioned.,Overcharged
457,72ef917e,Crystal Carey,(836)929-4455,30-04-2025,Got it after the expected date,Late Delivery
458,81496136,Ms. Mackenzie Barton,(702)164-8712,30-04-2025,I received the wrong product. Please check your dispatch.,Wrong Item
459,b0a6e457,Benjamin Robertson,665.268.3415x59991,30-04-2025,Your delivery boy was very rude.,Rude Staff
460,5ade80d4,Susan Mccoy,001-647-229-8120x9957,30-04-2025,I was charged more than what was mentioned.,Overcharged
461,82380358,Diana Mejia,475.098.8986,30-04-2025,Your delivery boy was very rude.,Rude Staff
462,c1de6d58,Charles Cervantes,001-368-499-5154x2144,30-04-2025,I�ve been texting for help and no one responds.,No Response
463,2b589b3f,Thomas Zhang,001-134-213-8820x90883,30-04-2025,The item arrived broken. This is unacceptable!,Damaged Product
464,0699576d,Douglas Gould,(782)741-1767x41241,30-04-2025,I was charged more than what was mentioned.,Overcharged
465,cb170945,Benjamin Moore,478-150-6185x38003,30-04-2025,The item arrived broken. This is unacceptable!,Damaged Product
466,f17316d5,Craig Harrison,274.231.8306x1789,30-04-2025,The item arrived broken. This is unacceptable!,Damaged Product
467,6b0c7da5,Lisa Welch,578.243.4776,30-04-2025,The item arrived broken. This is unacceptable!,Damaged Product
468,4ba0768a,Brian Ibarra,001-467-536-1275x15627,30-04-2025,delay for delivery,Late Delivery
469,3c1fc9aa,Derek Lewis,(085)456-6766x40473,30-04-2025,I was charged more than what was mentioned.,Overcharged
470,4efa8dc3,Daniel Hutchinson,-11070,30-04-2025,I received the wrong product. Please check your dispatch.,Wrong Item
471,5.55E+15,Pamela Tran,+1-083-583-2863x4255,30-04-2025,I was charged more than what was mentioned.,Overcharged
472,3fab0c74,Amanda Smith,186.702.4403x30416,30-04-2025,I received the wrong product. Please check your dispatch.,Wrong Item
473,bd93183f,Shannon Jones,600.892.1963x94568,30-04-2025,I was charged more than what was mentioned.,Overcharged
474,33e1f6f7,Wayne Johnston,(461)368-4748x8360,30-04-2025,I was charged more than what was mentioned.,Overcharged
475,5f6bbc54,Michelle Chavez,001-063-757-9145,30-04-2025,The item arrived broken. This is unacceptable!,Damaged Product
476,156912dd,Christopher Hancock,931.269.7893x0746,30-04-2025,I received the wrong product. Please check your dispatch.,Wrong Item
477,268e81b4,Michael George,4387875357,30-04-2025,Your delivery boy was very rude.,Rude Staff
478,bd5bfece,Angela Garcia DDS,(202)812-3710x6728,30-04-2025,I received the wrong product. Please check your dispatch.,Wrong Item
479,8c0dc409,Adam Wilson,485-959-2248x3958,30-04-2025,I received the wrong product. Please check your dispatch.,Wrong Item
480,35eb0106,Tammy Cortez,(287)056-2271,30-04-2025,I was charged more than what was mentioned.,Overcharged
481,3303343c,Kimberly Rivera,9792158350,30-04-2025,I received the wrong product. Please check your dispatch.,Wrong Item
482,e958c430,Lauren Torres,+1-648-831-9213x424,30-04-2025,I was charged more than what was mentioned.,Overcharged
483,85b69e95,Pamela Rivera,001-994-973-2033x19222,30-04-2025,Your delivery boy was very rude.,Rude Staff
484,13e9e070,Amy Hunt,675.481.3866x675,30-04-2025,I placed the order two days ago and it's still not here!,Late Delivery
485,87db0168,Larry Lewis,(426)877-4186,30-04-2025,The item arrived broken. This is unacceptable!,Damaged Product
486,ddbb3fa4,John Santiago,001-639-836-5203x7583,30-04-2025,I�ve been texting for help and no one responds.,No Response
487,18177e4a,Sydney Shaw,9404760440,30-04-2025,delay for delivery,Late Delivery
488,b7d0c829,Yolanda Chen,278.105.0922x2161,30-04-2025,I received the wrong product. Please check your dispatch.,Wrong Item
489,0ff48fe8,Scott Ramirez,905.529.5806,30-04-2025,Your delivery boy was very rude.,Rude Staff
490,0fbd6062,Roger Mason,001-412-704-9386x2044,30-04-2025,The item arrived broken. This is unacceptable!,Damaged Product
491,775c4f30,Melissa Knight,111.212.5902x035,30-04-2025,Your delivery boy was very rude.,Rude Staff
492,f1780077,Ryan May,240.642.4295,30-04-2025,The item arrived broken. This is unacceptable!,Damaged Product
493,45d62ecd,Cassandra Phillips,001-741-759-5587x209,30-04-2025,The item arrived broken. This is unacceptable!,Damaged Product
494,35edff38,Jessica Brewer DDS,358-841-8343x7401,30-04-2025,The item arrived broken. This is unacceptable!,Damaged Product
495,79a759de,Kevin Watson,(905)150-2675x5125,30-04-2025,Your delivery boy was very rude.,Rude Staff
496,2fa83aa4,Jessica Jensen,001-966-734-5957,30-04-2025,I received the wrong product. Please check your dispatch.,Wrong Item
497,edd24200,Pamela Santana,166.496.9028x24983,30-04-2025,The item arrived broken. This is unacceptable!,Damaged Product
498,a9d500dd,Tyler Waller,257-627-0232x4412,30-04-2025,Your delivery boy was very rude.,Rude Staff
499,17152d76,Brittany Peters,001-507-251-7863x76731,30-04-2025,I�ve been texting for help and no one responds.,No Response
500,ef6d5b4b,Raymond Villanueva,+1-696-815-7903x92355,30-04-2025,I�ve been texting for help and no one responds.,No Response
